{
  "farmersdelight:main/root": {
    "criteria": {
      "seeds": "2024-07-05 22:28:42 +0000"
    },
    "done": true
  },
  "iceandfire:iceandfire/root": {
    "criteria": {
      "tick": "2024-07-05 22:28:42 +0000"
    },
    "done": true
  },
  "prehistoricfauna:prehistoricfauna/general/root": {
    "criteria": {
      "tick": "2024-07-05 22:28:42 +0000"
    },
    "done": true
  },
  "minecraft:adventure/adventuring_time": {
    "criteria": {
      "minecraft:forest": "2024-07-05 22:28:42 +0000"
    },
    "done": false
  },
  "DataVersion": 2586
}